{"1st-Ast": {"N": 0.30000000000000004, "offsetN": 0.0, "B": 0.30000000000000004, "offsetB": 0.0, "t": 0.015, "steelShapeClassName": "materials.astm_aisc.ASTM_materials.IShape", "steelShape": {"name": "W18X76", "sectionName": "W18X76", "xc_material": null, "steelTypeClassName": "materials.astm_aisc.ASTM_materials.ASTMSteel", "steelType": {"E": 200000000000.0, "nu": 0.3, "rho": 7850, "fy": 240000000.0, "fu": 400000000.0, "gammaM": 1.0, "name": "A36"}, "shape": {"sectionName": "W18X76", "xc_material": null, "E": 200000000000.0, "nu": 0.3, "name": "W18X76", "A": 0.0064, "Iy": 1.6008533333333334e-05, "iy": 0.050013331556029474, "Wyel": 0.00016008533333333334, "Iz": 5.932373333333335e-05, "iz": 0.09627737705885706, "Wzel": 0.0005296761904761905, "hi": 0.2, "h": 0.224, "ho": 0.21200000000000002, "b": 0.2, "tf": 0.012, "tw": 0.008, "k1": 0, "bSlendernessRatio": 8.333333333333334, "hSlendernessRatio": 25.0, "Cw": 1.7977600000000011e-07, "Avy": 0.001792, "Avz": 0.0016, "alpha": 0.27999999999999997, "G": 76923076923.07692, "AreaQz": 0.0048000000000000004, "AreaQy": 0.0015999999999999999, "It": 2.6658133333333337e-07, "Wypl": 0.00024320000000000003, "Wzpl": 0.0005888000000000001}, "tileSize": 0.01}, "anchorGroup": {"0": {"diameter": 0.024, "pos3d": [0.075, 0.05, 0.0], "name": "0", "steelTypeClassName": "materials.astm_aisc.ASTM_materials.ASTMSteel", "steelType": {"E": 200000000000.0, "nu": 0.3, "rho": 7850, "fy": 248000000.0, "fu": 400000000.0, "gammaM": 1.0, "name": "F1554gr36"}}, "1": {"diameter": 0.024, "pos3d": [0.075, -0.05, 0.0], "name": "1", "steelTypeClassName": "materials.astm_aisc.ASTM_materials.ASTMSteel", "steelType": {"E": 200000000000.0, "nu": 0.3, "rho": 7850, "fy": 248000000.0, "fu": 400000000.0, "gammaM": 1.0, "name": "F1554gr36"}}, "2": {"diameter": 0.024, "pos3d": [-0.075, -0.05, 0.0], "name": "2", "steelTypeClassName": "materials.astm_aisc.ASTM_materials.ASTMSteel", "steelType": {"E": 200000000000.0, "nu": 0.3, "rho": 7850, "fy": 248000000.0, "fu": 400000000.0, "gammaM": 1.0, "name": "F1554gr36"}}, "3": {"diameter": 0.024, "pos3d": [-0.075, 0.05, 0.0], "name": "3", "steelTypeClassName": "materials.astm_aisc.ASTM_materials.ASTMSteel", "steelType": {"E": 200000000000.0, "nu": 0.3, "rho": 7850, "fy": 248000000.0, "fu": 400000000.0, "gammaM": 1.0, "name": "F1554gr36"}}}, "steelClassName": "materials.astm_aisc.ASTM_materials.ASTMSteel", "steel": {"E": 200000000000.0, "nu": 0.3, "rho": 7850, "fy": 240000000.0, "fu": 400000000.0, "gammaM": 1.0, "name": "A36"}, "origin": [0.0, 0.0, 0.0], "fc": 25000000.0, "nShearBolts": 4}, "1st-Cst": {"N": 0.30000000000000004, "offsetN": 0.0, "B": 0.30000000000000004, "offsetB": 0.0, "t": 0.015, "steelShapeClassName": "materials.astm_aisc.ASTM_materials.IShape", "steelShape": {"name": "W18X76", "sectionName": "W18X76", "xc_material": null, "steelTypeClassName": "materials.astm_aisc.ASTM_materials.ASTMSteel", "steelType": {"E": 200000000000.0, "nu": 0.3, "rho": 7850, "fy": 240000000.0, "fu": 400000000.0, "gammaM": 1.0, "name": "A36"}, "shape": {"sectionName": "W18X76", "xc_material": null, "E": 200000000000.0, "nu": 0.3, "name": "W18X76", "A": 0.0064, "Iy": 1.6008533333333334e-05, "iy": 0.050013331556029474, "Wyel": 0.00016008533333333334, "Iz": 5.932373333333335e-05, "iz": 0.09627737705885706, "Wzel": 0.0005296761904761905, "hi": 0.2, "h": 0.224, "ho": 0.21200000000000002, "b": 0.2, "tf": 0.012, "tw": 0.008, "k1": 0, "bSlendernessRatio": 8.333333333333334, "hSlendernessRatio": 25.0, "Cw": 1.7977600000000011e-07, "Avy": 0.001792, "Avz": 0.0016, "alpha": 0.27999999999999997, "G": 76923076923.07692, "AreaQz": 0.0048000000000000004, "AreaQy": 0.0015999999999999999, "It": 2.6658133333333337e-07, "Wypl": 0.00024320000000000003, "Wzpl": 0.0005888000000000001}, "tileSize": 0.01}, "anchorGroup": {"0": {"diameter": 0.024, "pos3d": [0.075, 0.05, 0.0], "name": "0", "steelTypeClassName": "materials.astm_aisc.ASTM_materials.ASTMSteel", "steelType": {"E": 200000000000.0, "nu": 0.3, "rho": 7850, "fy": 248000000.0, "fu": 400000000.0, "gammaM": 1.0, "name": "F1554gr36"}}, "1": {"diameter": 0.024, "pos3d": [0.075, -0.05, 0.0], "name": "1", "steelTypeClassName": "materials.astm_aisc.ASTM_materials.ASTMSteel", "steelType": {"E": 200000000000.0, "nu": 0.3, "rho": 7850, "fy": 248000000.0, "fu": 400000000.0, "gammaM": 1.0, "name": "F1554gr36"}}, "2": {"diameter": 0.024, "pos3d": [-0.075, -0.05, 0.0], "name": "2", "steelTypeClassName": "materials.astm_aisc.ASTM_materials.ASTMSteel", "steelType": {"E": 200000000000.0, "nu": 0.3, "rho": 7850, "fy": 248000000.0, "fu": 400000000.0, "gammaM": 1.0, "name": "F1554gr36"}}, "3": {"diameter": 0.024, "pos3d": [-0.075, 0.05, 0.0], "name": "3", "steelTypeClassName": "materials.astm_aisc.ASTM_materials.ASTMSteel", "steelType": {"E": 200000000000.0, "nu": 0.3, "rho": 7850, "fy": 248000000.0, "fu": 400000000.0, "gammaM": 1.0, "name": "F1554gr36"}}}, "steelClassName": "materials.astm_aisc.ASTM_materials.ASTMSteel", "steel": {"E": 200000000000.0, "nu": 0.3, "rho": 7850, "fy": 240000000.0, "fu": 400000000.0, "gammaM": 1.0, "name": "A36"}, "origin": [24.0, 0.0, 0.0], "fc": 25000000.0, "nShearBolts": 4}, "1st-Est": {"N": 0.30000000000000004, "offsetN": 0.0, "B": 0.30000000000000004, "offsetB": 0.0, "t": 0.015, "steelShapeClassName": "materials.astm_aisc.ASTM_materials.IShape", "steelShape": {"name": "W18X76", "sectionName": "W18X76", "xc_material": null, "steelTypeClassName": "materials.astm_aisc.ASTM_materials.ASTMSteel", "steelType": {"E": 200000000000.0, "nu": 0.3, "rho": 7850, "fy": 240000000.0, "fu": 400000000.0, "gammaM": 1.0, "name": "A36"}, "shape": {"sectionName": "W18X76", "xc_material": null, "E": 200000000000.0, "nu": 0.3, "name": "W18X76", "A": 0.0064, "Iy": 1.6008533333333334e-05, "iy": 0.050013331556029474, "Wyel": 0.00016008533333333334, "Iz": 5.932373333333335e-05, "iz": 0.09627737705885706, "Wzel": 0.0005296761904761905, "hi": 0.2, "h": 0.224, "ho": 0.21200000000000002, "b": 0.2, "tf": 0.012, "tw": 0.008, "k1": 0, "bSlendernessRatio": 8.333333333333334, "hSlendernessRatio": 25.0, "Cw": 1.7977600000000011e-07, "Avy": 0.001792, "Avz": 0.0016, "alpha": 0.27999999999999997, "G": 76923076923.07692, "AreaQz": 0.0048000000000000004, "AreaQy": 0.0015999999999999999, "It": 2.6658133333333337e-07, "Wypl": 0.00024320000000000003, "Wzpl": 0.0005888000000000001}, "tileSize": 0.01}, "anchorGroup": {"0": {"diameter": 0.024, "pos3d": [0.075, 0.05, 0.0], "name": "0", "steelTypeClassName": "materials.astm_aisc.ASTM_materials.ASTMSteel", "steelType": {"E": 200000000000.0, "nu": 0.3, "rho": 7850, "fy": 248000000.0, "fu": 400000000.0, "gammaM": 1.0, "name": "F1554gr36"}}, "1": {"diameter": 0.024, "pos3d": [0.075, -0.05, 0.0], "name": "1", "steelTypeClassName": "materials.astm_aisc.ASTM_materials.ASTMSteel", "steelType": {"E": 200000000000.0, "nu": 0.3, "rho": 7850, "fy": 248000000.0, "fu": 400000000.0, "gammaM": 1.0, "name": "F1554gr36"}}, "2": {"diameter": 0.024, "pos3d": [-0.075, -0.05, 0.0], "name": "2", "steelTypeClassName": "materials.astm_aisc.ASTM_materials.ASTMSteel", "steelType": {"E": 200000000000.0, "nu": 0.3, "rho": 7850, "fy": 248000000.0, "fu": 400000000.0, "gammaM": 1.0, "name": "F1554gr36"}}, "3": {"diameter": 0.024, "pos3d": [-0.075, 0.05, 0.0], "name": "3", "steelTypeClassName": "materials.astm_aisc.ASTM_materials.ASTMSteel", "steelType": {"E": 200000000000.0, "nu": 0.3, "rho": 7850, "fy": 248000000.0, "fu": 400000000.0, "gammaM": 1.0, "name": "F1554gr36"}}}, "steelClassName": "materials.astm_aisc.ASTM_materials.ASTMSteel", "steel": {"E": 200000000000.0, "nu": 0.3, "rho": 7850, "fy": 240000000.0, "fu": 400000000.0, "gammaM": 1.0, "name": "A36"}, "origin": [48.0, 0.0, 0.0], "fc": 25000000.0, "nShearBolts": 4}, "1st-Gst": {"N": 0.30000000000000004, "offsetN": 0.0, "B": 0.30000000000000004, "offsetB": 0.0, "t": 0.015, "steelShapeClassName": "materials.astm_aisc.ASTM_materials.IShape", "steelShape": {"name": "W18X76", "sectionName": "W18X76", "xc_material": null,