{"151": {"ULS01": [[48.0, 0.0, 0.0], {"N": -100986.904630627, "Vy": 533.131126332064, "Vz": -1.3978812115968769e-09, "T": 5.172905261834687e-13, "My": 1.9727085768202502e-10, "Mz": -1.0283630713644299e-08, "chiLT": 1.0, "chiN": 0.7283999086864481}], "ULS02a": [[48.0, 0.0, 0.0], {"N": -144064.76112191298, "Vy": 805.7825363387432, "Vz": 3.421430272522217e-08, "T": -5.517154272194554e-12, "My": -2.442403544261586e-09, "Mz": 1.3845378061628134e-08, "chiLT": 1.0, "chiN": 0.7283999086864481}], "ULS02b": [[48.0, 0.0, 0.0], {"N": -158194.0051142943, "Vy": 2478.3870167650352, "Vz": 5.7033473889458254e-08, "T": 1.5264960671948265e-11, "My": -3.524092149044265e-09, "Mz": 1.0615106876685772e-07, "chiLT": 1.0, "chiN": 0.7283999086864481}], "ULS02c": [[48.0, 0.0, 0.0], {"N": -159798.8539409702, "Vy": 673.6660552561352, "Vz": 1.5775886598251746e-08, "T": -5.9295864311718946e-12, "My": -2.238122042009346e-09, "Mz": -2.3552448891447046e-08, "chiLT": 1.0, "chiN": 0.7283999086864481}], "ULS03a": [[48.0, 0.0, 0.0], {"N": -257001.8842851355, "Vy": 714.4693502452393, "Vz": -3.833319977206358e-08, "T": -1.1770143805790335e-11, "My": 2.17353877691236e-09, "Mz": -6.817994977808108e-09, "chiLT": 1.0, "chiN": 0.7283999086864481}], "ULS03b": [[48.0, 0.0, 0.0], {"N": -194598.59091797084, "Vy": 1152.2064541450484, "Vz": 1.6519724166732473e-08, "T": 1.4073240771524868e-11, "My": -1.3112722391789536e-09, "Mz": -3.1143084928937513e-07, "chiLT": 1.0, "chiN": 0.7283999086864481}], "ULS03e": [[48.0, 0.0, 0.0], {"N": -301701.60777648847, "Vy": 8070.841168257396, "Vz": 6.5459524987262826e-09, "T": -7.320699390510292e-12, "My": -3.392890455479731e-11, "Mz": 2.6164605331489343e-09, "chiLT": 1.0, "chiN": 0.7283999086864481}], "ULS03f": [[48.0, 0.0, 0.0], {"N": -239558.53380664447, "Vy": 7326.672578177292, "Vz": -5.8544970432767936e-08, "T": 1.2561559819022245e-12, "My": 5.716328352893056e-09, "Mz": 2.2885081093661285e-05, "chiLT": 1.0, "chiN": 0.7283999086864481}], "ULS03g": [[48.0, 0.0, 0.0], {"N": -306955.1808648019, "Vy": 1022.8474684810076, "Vz": 2.6505644931106346e-08, "T": -2.655074804606564e-12, "My": -2.8489675731157905e-09, "Mz": 1.2243803488878015e-08, "chiLT": 1.0, "chiN": 0.7283999086864481}], "ULS03h": [[48.0, 0.0, 0.0], {"N": -244415.18069003735, "Vy": 1476.0761860640218, "Vz": 1.2868710999707098e-08, "T": -7.170658839733109e-12, "My": -6.203613984293973e-10, "Mz": -7.580042690899333e-07, "chiLT": 1.0, "chiN": 0.7283999086864481}], "ULS04a": [[48.0, 0.0, 0.0], {"N": -116314.75472245064, "Vy": 34.37592033090795, "Vz": -1.4947690058189277e-08, "T": 1.9762083809147292e-11, "My": 3.8962824085255236e-09, "Mz": -2.951625116116625e-07, "chiLT": 1.0, "chiN": 0.7283999086864481}], "ULS04b": [[48.0, 0.0, 0.0], {"N": 8177.360885605176, "Vy": 425.37115612709465, "Vz": -7.311954839037244e-08, "T": 1.0159091036972533e-12, "My": 4.07781350330597e-09, "Mz": 2.8665095502478807e-10, "chiLT": 1.0, "chiN": 0.7283999086864481}], "ULS04e": [[48.0, 0.0, 0.0], {"N": -130498.10279339078, "Vy": 1584.8496689375356, "Vz": 8.36457345370174e-08, "T": 8.867619365550464e-12, "My": -8.33543121191155e-09, "Mz": -4.543556336074725e-08, "chiLT": 1.0, "chiN": 0.7283999086864481}], "ULS04f": [[48.0, 0.0, 0.0], {"N": -6041.404847171732, "Vy": 1635.3587442298326, "Vz": 5.18968027183504e-09, "T": -1.489341480702768e-12, "My": -6.789595813549279e-10, "Mz": -1.779498883650184e-08, "chiLT": 1.0, "chiN": 0.7283999086864481}], "ULS04g": [[48.0, 0.0, 0.0], {"N": -130920.01962275077, "Vy": 1188.5211368763821, "Vz": 8.689605295684607e-08, "T": -1.0475814143436149e-11, "My": -8.06206494672324e-09, "Mz": 1.1043809261943058e-07, "chiLT": 1.0, "chiN": 0.7283999086864481}], "ULS04h": [[48.0, 0.0, 0.0], {"N": -6771.587987261367, "Vy": 729.7296402139172, "Vz": 2.281482421959844e-08, "T": 3.4642682383620005e-12, "My": -1.7368517405784947e-09, "Mz": 1.7134544467896855e-08, "chiLT": 1.0, "chiN": 0.7283999086864481}], "ULS05a": [[48.0, 0.0, 0.0], {"N": 87327.55683470043, "Vy": 101.35469603149423, "Vz": 3.585342311238106e-08, "T": -2.7561568175555175e-12, "My": -7.542955299562785e-10, "Mz": 2.2061075465724667e-08, "chiLT": 1.0, "chiN": 0.7283999086864481}], "ULS05b": [[48.0, 0.0, 0.0], {"N": 87758.20066735787, "Vy": 38.81234941013883, "Vz": 9.57607198618642e-08, "T": -6.947098710464608e-11, "My": -6.160076185088514e-09, "Mz": 2.2849576707258065e-08, "chiLT": 1.0, "chiN": 0.7283999086864481}]}}